{
    "format_version": 1,
    "header": {
        "name": "ENIGMA",
        "description": "Designed & Developed by I K Y",
        "uuid": "1a8a326d-d228-433f-a99c-3c0178202aae",
        "version": [ 2, 3, 5 ],
        "min_engine_version": [ 1, 11, 0 ]
    },
    "modules": [
        {
            "type": "resources",
            "description": "-",
            "uuid": "efb28d6b-e1b3-4ecf-89e8-edb351b91cec",
            "version": [ 2, 3, 5 ]
        }
    ]
}

/*Designed by I K Y .Thank Tai Tran.*/
